Ativo,Ativo Circulante,Cart. de Crédito,Depósitos,Disponibilidades,Dív. Bruta,Dív. Líquida,Patrim. Líq,ticker
2469870000.0,465364000.0,,,97428000.0,642308000.0,544880000.0,1287910000.0,AALR3
36253300000.0,,13280500000.0,5693870000.0,,,,4040730000.0,ABCB4
101743000000.0,27621100000.0,,,11915200000.0,3062800000.0,-8852420000.0,61278000000.0,ABEV3
242000.0,23000.0,,,0.0,0.0,0.0,-19776000.0,ADHM3
225655000.0,75356000.0,,,51746000.0,1248000.0,-50498000.0,214346000.0,AFLT3
1515090000.0,479155000.0,,,93538000.0,458309000.0,364771000.0,942966000.0,AGRO3
247070000.0,21818000.0,,,7913000.0,0.0,-7913000.0,16266000.0,AHEB3
247070000.0,21818000.0,,,7913000.0,0.0,-7913000.0,16266000.0,AHEB5
4522040000.0,2610130000.0,,,566263000.0,278750000.0,-287513000.0,2642930000.0,ALPA3
4522040000.0,2610130000.0,,,566263000.0,278750000.0,-287513000.0,2642930000.0,ALPA4
10177800000.0,973650000.0,,,676545000.0,0.0,-676545000.0,5206140000.0,ALSO3
16422600000.0,4396860000.0,,,2916990000.0,6527570000.0,3610570000.0,5064230000.0,ALUP11
16422600000.0,4396860000.0,,,2916990000.0,6527570000.0,3610570000.0,5064230000.0,ALUP3
16422600000.0,4396860000.0,,,2916990000.0,6527570000.0,3610570000.0,5064230000.0,ALUP4
3489170000.0,1929020000.0,,,170608000.0,1616580000.0,1445970000.0,840223000.0,AMAR3
2160950000.0,369730000.0,,,107899000.0,1006200000.0,898304000.0,683761000.0,ANIM3
163739000.0,30622000.0,,,12154000.0,0.0,-12154000.0,97083000.0,APER3
1391640000.0,949191000.0,,,275344000.0,189092000.0,-86252000.0,710655000.0,ARZZ3
12698000.0,11555000.0,,,9409000.0,0.0,-9409000.0,4270000.0,ATOM3
54913000.0,20339000.0,,,11000.0,29816000.0,29805000.0,-220476000.0,AZEV3
54913000.0,20339000.0,,,11000.0,29816000.0,29805000.0,-220476000.0,AZEV4
18608700000.0,4055770000.0,,,1563140000.0,3395280000.0,1832140000.0,-644791000.0,AZUL4
40950900000.0,11509500000.0,,,10693500000.0,5976600000.0,-4716920000.0,25361800000.0,B3SA3
185035000.0,73812000.0,,,68328000.0,9680000.0,-58648000.0,53301000.0,BAHI3
194149000.0,117380000.0,,,13747000.0,29808000.0,16061000.0,102201000.0,BALM4
121104000.0,66841000.0,,,35377000.0,16000.0,-35361000.0,71747000.0,BAUH4
20601800000.0,,2978640000.0,4509350000.0,,,,2041970000.0,BAZA3
1538890000000.0,,519788000000.0,502952000000.0,,,,98896000000.0,BBAS3
1147030000000.0,,292730000000.0,394223000000.0,,,,133723000000.0,BBDC3
1147030000000.0,,292730000000.0,394223000000.0,,,,133723000000.0,BBDC4
432325000.0,116044000.0,,,79160000.0,112706000.0,33546000.0,187133000.0,BBRK3
0.0,0.0,,,0.0,0.0,0.0,0.0,BBSE3
833788000.0,269305000.0,,,537000.0,223451000.0,222914000.0,48681000.0,BDLL3
833788000.0,269305000.0,,,537000.0,223451000.0,222914000.0,48681000.0,BDLL4
13233700000.0,8269280000.0,,,4469690000.0,10477700000.0,6008040000.0,-281662000.0,BEEF3
23560600000.0,,3559370000.0,11698900000.0,,,,1608360000.0,BEES3
23560600000.0,,3559370000.0,11698900000.0,,,,1608360000.0,BEES4
5534270000.0,,2420370000.0,4521530000.0,,,,433857000.0,BGIP3
5534270000.0,,2420370000.0,4521530000.0,,,,433857000.0,BGIP4
10062400000.0,,3835810000.0,5010700000.0,,,,2201020000.0,BIDI11
10062400000.0,,3835810000.0,5010700000.0,,,,2201020000.0,BIDI3
10062400000.0,,3835810000.0,5010700000.0,,,,2201020000.0,BIDI4
282820000.0,77291000.0,,,53248000.0,155197000.0,101949000.0,65021000.0,BIOM3
3528060000.0,862378000.0,,,604093000.0,519870000.0,-84223000.0,1786630000.0,BKBR3
9853650000.0,,3967970000.0,6638220000.0,,,,887499000.0,BMEB3
9853650000.0,,3967970000.0,6638220000.0,,,,887499000.0,BMEB4
20609900000.0,,9842930000.0,12182200000.0,,,,4028280000.0,BMGB4
201630000.0,,47712000.0,60686000.0,,,,120283000.0,BMIN3
201630000.0,,47712000.0,60686000.0,,,,120283000.0,BMIN4
218892000.0,166005000.0,,,147979000.0,8533000.0,-139446000.0,188600000.0,BMKS3
58630800000.0,,9431110000.0,12249900000.0,,,,5427400000.0,BNBR3
593775000.0,245608000.0,,,14658000.0,302495000.0,287837000.0,-279734000.0,BOBR3
593775000.0,245608000.0,,,14658000.0,302495000.0,287837000.0,-279734000.0,BOBR4
176044000000.0,,22325200000.0,24511600000.0,,,,21332200000.0,BPAC11
176044000000.0,,22325200000.0,24511600000.0,,,,21332200000.0,BPAC3
176044000000.0,,22325200000.0,24511600000.0,,,,21332200000.0,BPAC5
33219800000.0,,20887600000.0,20356900000.0,,,,4926170000.0,BPAN4
10462700000.0,203244000.0,,,203087000.0,220146000.0,17059000.0,10204600000.0,BRAP3
10462700000.0,203244000.0,,,203087000.0,220146000.0,17059000.0,10204600000.0,BRAP4
26685000000.0,13345000000.0,,,3909000000.0,6220000000.0,2311000000.0,9602000000.0,BRDT3
43351500000.0,17013800000.0,,,6620470000.0,21077100000.0,14456700000.0,7149920000.0,BRFS3
3251910000.0,1999780000.0,,,1698090000.0,0.0,-1698090000.0,1181120000.0,BRGE11
3251910000.0,1999780000.0,,,1698090000.0,0.0,-1698090000.0,1181120000.0,BRGE12
3251910000.0,1999780000.0,,,1698090000.0,0.0,-1698090000.0,1181120000.0,BRGE3
3251910000.0,1999780000.0,,,1698090000.0,0.0,-1698090000.0,1181120000.0,BRGE5
3251910000.0,1999780000.0,,,1698090000.0,0.0,-1698090000.0,1181120000.0,BRGE6
3251910000.0,1999780000.0,,,1698090000.0,0.0,-1698090000.0,1181120000.0,BRGE8
13417100000.0,,2015860000.0,1900860000.0,,,,1478470000.0,BRIV3
13417100000.0,,2015860000.0,1900860000.0,,,,1478470000.0,BRIV4
65463800000.0,20500300000.0,,,7003180000.0,27957500000.0,20954300000.0,7263760000.0,BRKM3
65463800000.0,20500300000.0,,,7003180000.0,27957500000.0,20954300000.0,7263760000.0,BRKM5
65463800000.0,20500300000.0,,,7003180000.0,27957500000.0,20954300000.0,7263760000.0,BRKM6
18015300000.0,1026630000.0,,,735384000.0,2720600000.0,1985210000.0,10629400000.0,BRML3
9946280000.0,1502460000.0,,,1265430000.0,1800800000.0,535367000.0,7204070000.0,BRPR3
80994800000.0,,30468800000.0,53673000000.0,,,,7792370000.0,BRSR3
80994800000.0,,30468800000.0,53673000000.0,,,,7792370000.0,BRSR5
80994800000.0,,30468800000.0,53673000000.0,,,,7792370000.0,BRSR6
10269600000.0,3330090000.0,,,269429000.0,5906160000.0,5636730000.0,222826000.0,BSEV3
16589800000.0,,8589320000.0,12102200000.0,,,,1737330000.0,BSLI3
16056600000.0,9431730000.0,,,6483300000.0,6433340000.0,-49958400.0,5734430000.0,BTOW3
118565000.0,51242000.0,,,7309000.0,21886000.0,14577000.0,4832000.0,BTTL3
32643000.0,9885000.0,,,243000.0,0.0,-243000.0,9116000.0,CALI4
245815000.0,112959000.0,,,4906000.0,67474000.0,62568000.0,70840000.0,CAMB3
5390020000.0,3311400000.0,,,869047000.0,2233850000.0,1364800000.0,2258460000.0,CAML3
491019000.0,127208000.0,,,33227000.0,124172000.0,90945000.0,251518000.0,CARD3
10567800000.0,2610950000.0,,,409320000.0,3990600000.0,3581280000.0,3660980000.0,CBEE3
5311610000.0,1004570000.0,,,899209000.0,2004760000.0,1105550000.0,1904030000.0,CCPR3
31327800000.0,5475400000.0,,,3702120000.0,16955100000.0,13253000000.0,8742880000.0,CCRO3
10669000.0,10669000.0,,,409000.0,0.0,-409000.0,-52699000.0,CCXC3
5547550000.0,2195080000.0,,,188732000.0,1624830000.0,1436090000.0,1912020000.0,CEAB3
3550670000.0,1624870000.0,,,229391000.0,452680000.0,223289000.0,450980000.0,CEBR3
3550670000.0,1624870000.0,,,229391000.0,452680000.0,223289000.0,450980000.0,CEBR5
3550670000.0,1624870000.0,,,229391000.0,452680000.0,223289000.0,450980000.0,CEBR6
756471000.0,327415000.0,,,20314000.0,233362000.0,213048000.0,185246000.0,CEDO3
756471000.0,327415000.0,,,20314000.0,233362000.0,213048000.0,185246000.0,CEDO4
18945500000.0,4505950000.0,,,858579000.0,7715150000.0,6856570000.0,5219270000.0,CEEB3
3749730000.0,947620000.0,,,54306000.0,803564000.0,749258000.0,-3352110000.0,CEED3
3749730000.0,947620000.0,,,54306000.0,803564000.0,749258000.0,-3352110000.0,CEED4
3363010000.0,785871000.0,,,177182000.0,751638000.0,574456000.0,1267850000.0,CEGR3
7940900.0,2004000.0,,,267036.0,4666920.0,4399880.0,1629050.0,CEPE5
12929700000.0,1020620000.0,,,690276000.0,1791330000.0,1101060000.0,7144910000.0,CESP3
12929700000.0,1020620000.0,,,690276000.0,1791330000.0,1101060000.0,7144910000.0,CESP5
12929700000.0,1020620000.0,,,690276000.0,1791330000.0,1101060000.0,7144910000.0,CESP6
8451720000.0,2792060000.0,,,1083410000.0,5244940000.0,4161530000.0,519508000.0,CGAS3
8451720000.0,2792060000.0,,,1083410000.0,5244940000.0,4161530000.0,519508000.0,CGAS5
776108000.0,303448000.0,,,45856300.0,0.0,-45856300.0,530643000.0,CGRA3
776108000.0,303448000.0,,,45856300.0,0.0,-45856300.0,530643000.0,CGRA4
93422300000.0,76675500000.0,,,3255440000.0,9245630000.0,5990200000.0,11392600000.0,CIEL3
10812300000.0,3950820000.0,,,627337000.0,1529360000.0,902028000.0,2025410000.0,CLSC3
10812300000.0,3950820000.0,,,627337000.0,1529360000.0,902028000.0,2025410000.0,CLSC4
50062700000.0,10297600000.0,,,1558450000.0,15184300000.0,13625900000.0,17207300000.0,CMIG3
50062700000.0,10297600000.0,,,1558450000.0,15184300000.0,13625900000.0,17207300000.0,CMIG4
3323220000.0,1146940000.0,,,45432000.0,35039000.0,-10393000.0,991151000.0,CNTO3
8664710000.0,2159730000.0,,,168638000.0,2184430000.0,2015800000.0,3114050000.0,COCE3
8664710000.0,2159730000.0,,,168638000.0,2184430000.0,2015800000.0,3114050000.0,COCE5
32712800000.0,3916250000.0,,,420151000.0,11294200000.0,10874100000.0,16062500000.0,COGN3
44624300000.0,11068200000.0,,,3231730000.0,20351400000.0,17119700000.0,13649400000.0,CPFE3
36725200000.0,6748400000.0,,,2027920000.0,10938200000.0,8910250000.0,17451900000.0,CPLE3
36725200000.0,6748400000.0,,,2027920000.0,10938200000.0,8910250000.0,17451900000.0,CPLE6
11833600000.0,1381620000.0,,,912510000.0,5170780000.0,4258270000.0,4432400000.0,CPRE3
180937000.0,51744000.0,,,27023000.0,0.0,-27023000.0,158573000.0,CRDE3
44912000000.0,22155000000.0,,,5609000000.0,4484000000.0,-1125000000.0,13504000000.0,CRFB3
5968130000.0,,4624200000.0,4315920000.0,,,,942527000.0,CRIV3
5968130000.0,,4624200000.0,4315920000.0,,,,942527000.0,CRIV4
754297000.0,596031000.0,,,181920000.0,2620000.0,-179300000.0,582094000.0,CRPG3
754297000.0,596031000.0,,,181920000.0,2620000.0,-179300000.0,582094000.0,CRPG5
754297000.0,596031000.0,,,181920000.0,2620000.0,-179300000.0,582094000.0,CRPG6
0.0,0.0,,,0.0,0.0,0.0,0.0,CSAB3
0.0,0.0,,,0.0,0.0,0.0,0.0,CSAB4
32865100000.0,11336700000.0,,,6076640000.0,13415000000.0,7338310000.0,10553700000.0,CSAN3
11457700000.0,1905990000.0,,,494249000.0,3366470000.0,2872220000.0,6609220000.0,CSMG3
50897500000.0,12968600000.0,,,2592020000.0,29277300000.0,26685300000.0,8838390000.0,CSNA3
4062420000.0,942677000.0,,,243703000.0,1682560000.0,1438850000.0,1052220000.0,CSRN3
4062420000.0,942677000.0,,,243703000.0,1682560000.0,1438850000.0,1052220000.0,CSRN5
4062420000.0,942677000.0,,,243703000.0,1682560000.0,1438850000.0,1052220000.0,CSRN6
363025000.0,210626000.0,,,12663000.0,570653000.0,557990000.0,-335439000.0,CTKA3
363025000.0,210626000.0,,,12663000.0,570653000.0,557990000.0,-335439000.0,CTKA4
4345160000.0,1578620000.0,,,240186000.0,1535170000.0,1294990000.0,1028930000.0,CTNM3
4345160000.0,1578620000.0,,,240186000.0,1535170000.0,1294990000.0,1028930000.0,CTNM4
612741000.0,269370000.0,,,9569000.0,249797000.0,240228000.0,286680000.0,CTSA3
612741000.0,269370000.0,,,9569000.0,249797000.0,240228000.0,286680000.0,CTSA4
6931810000.0,5026740000.0,,,411883000.0,1542310000.0,1130430000.0,1370930000.0,CVCB3
9971370000.0,5750560000.0,,,1490460000.0,2436590000.0,946137000.0,5112190000.0,CYRE3
8919710000.0,2246730000.0,,,763313000.0,2668860000.0,1905540000.0,3569130000.0,DASA3
4670510000.0,2408810000.0,,,820075000.0,923156000.0,103081000.0,1302000000.0,DIRR3
1433110000.0,236050000.0,,,175355000.0,0.0,-175355000.0,-474698000.0,DMMO3
736848000.0,362419000.0,,,64072000.0,33551000.0,-30521000.0,575310000.0,DOHL3
736848000.0,362419000.0,,,64072000.0,33551000.0,-30521000.0,575310000.0,DOHL4
30398000.0,5476000.0,,,987000.0,4959000.0,3972000.0,-882000.0,DTCY3
10714700000.0,3514050000.0,,,1243220000.0,2948540000.0,1705320000.0,4930860000.0,DTEX3
370647000.0,127456000.0,,,12443000.0,82111000.0,69668000.0,165525000.0,EALT3
370647000.0,127456000.0,,,12443000.0,82111000.0,69668000.0,165525000.0,EALT4
11542500000.0,2327040000.0,,,2018540000.0,8679110000.0,6660570000.0,455351000.0,ECOR3
310615000.0,3164000.0,,,1275000.0,0.0,-1275000.0,195042000.0,ECPR3
310615000.0,3164000.0,,,1275000.0,0.0,-1275000.0,195042000.0,ECPR4
30135600000.0,6745670000.0,,,3870260000.0,14763100000.0,10892800000.0,6995150000.0,EGIE3
7881510000.0,2559770000.0,,,624539000.0,3648260000.0,3023720000.0,2666750000.0,EKTR3
7881510000.0,2559770000.0,,,624539000.0,3648260000.0,3023720000.0,2666750000.0,EKTR4
516201000.0,292633000.0,,,43687000.0,159280000.0,115593000.0,233127000.0,ELEK3
516201000.0,292633000.0,,,43687000.0,159280000.0,115593000.0,233127000.0,ELEK4
177207000000.0,38819300000.0,,,12652400000.0,50398200000.0,37745800000.0,63049800000.0,ELET3
177207000000.0,38819300000.0,,,12652400000.0,50398200000.0,37745800000.0,63049800000.0,ELET5
177207000000.0,38819300000.0,,,12652400000.0,50398200000.0,37745800000.0,63049800000.0,ELET6
1450770000.0,522335000.0,,,334570000.0,74881000.0,-259689000.0,918883000.0,EMAE4
46068900000.0,37553900000.0,,,4058460000.0,931407000.0,-3127050000.0,15429000000.0,EMBR3
4414460000.0,1891750000.0,,,1517560000.0,262912000.0,-1254640000.0,2795640000.0,ENAT3
27489100000.0,7324980000.0,,,2773870000.0,8464840000.0,5690960000.0,9229050000.0,ENBR3
13000800000.0,2524830000.0,,,1504480000.0,5358180000.0,3853700000.0,6533980000.0,ENEV3
37958500000.0,11035400000.0,,,2530600000.0,16659500000.0,14128900000.0,5488090000.0,ENGI11
37958500000.0,11035400000.0,,,2530600000.0,16659500000.0,14128900000.0,5488090000.0,ENGI3
37958500000.0,11035400000.0,,,2530600000.0,16659500000.0,14128900000.0,5488090000.0,ENGI4
7459970000.0,2013420000.0,,,222373000.0,3692120000.0,3469740000.0,2044870000.0,ENMT3
7459970000.0,2013420000.0,,,222373000.0,3692120000.0,3469740000.0,2044870000.0,ENMT4
10055700000.0,3825590000.0,,,1614590000.0,357828000.0,-1256770000.0,3280990000.0,EQPA3
10055700000.0,3825590000.0,,,1614590000.0,357828000.0,-1256770000.0,3280990000.0,EQPA5
10055700000.0,3825590000.0,,,1614590000.0,357828000.0,-1256770000.0,3280990000.0,EQPA7
33872000000.0,9745930000.0,,,4725730000.0,16616000000.0,11890300000.0,6635790000.0,EQTL3
234926000.0,115121000.0,,,414000.0,57629000.0,57215000.0,-462674000.0,ESTR4
570383000.0,240779000.0,,,10475000.0,108798000.0,98323000.0,-2375000.0,ETER3
2292340000.0,690011000.0,,,18858000.0,445053000.0,426195000.0,1309060000.0,EUCA3
2292340000.0,690011000.0,,,18858000.0,445053000.0,426195000.0,1309060000.0,EUCA4
4761200000.0,3804870000.0,,,818691000.0,1391260000.0,572567000.0,1668040000.0,EVEN3
4183300000.0,2606800000.0,,,1402120000.0,66242000.0,-1335880000.0,3721170000.0,EZTC3
2805560000.0,859558000.0,,,256140000.0,503210000.0,247070000.0,1858840000.0,FESA3
2805560000.0,859558000.0,,,256140000.0,503210000.0,247070000.0,1858840000.0,FESA4
1692290000.0,849734000.0,,,28170000.0,1054690000.0,1026520000.0,-868315000.0,FHER3
5096650000.0,1485200000.0,,,804264000.0,1556410000.0,752146000.0,1758980000.0,FLRY3
1630720000.0,761274000.0,,,230408000.0,405893000.0,175485000.0,784832000.0,FRAS3
1534700000.0,1059420000.0,,,386962000.0,976101000.0,589139000.0,49651000.0,FRIO3
34307000.0,3615000.0,,,1520000.0,54555000.0,53035000.0,-68253000.0,FRTA3
1322230000.0,647848000.0,,,77623800.0,223694000.0,146071000.0,760840000.0,GBIO33
4726500000.0,1332540000.0,,,1165080000.0,1344310000.0,179224000.0,1853850000.0,GEPA3
4726500000.0,1332540000.0,,,1165080000.0,1344310000.0,179224000.0,1853850000.0,GEPA4
2566200000.0,1785060000.0,,,394216000.0,750826000.0,356610000.0,780159000.0,GFSA3
54003000000.0,18235700000.0,,,6294600000.0,16049900000.0,9755270000.0,26955700000.0,GGBR3
54003000000.0,18235700000.0,,,6294600000.0,16049900000.0,9755270000.0,26955700000.0,GGBR4
13148000000.0,5973380000.0,,,4799560000.0,2177940000.0,-2621630000.0,6370400000.0,GNDI3
54048700000.0,18278200000.0,,,6294660000.0,16049900000.0,9755200000.0,10014100000.0,GOAU3
54048700000.0,18278200000.0,,,6294660000.0,16049900000.0,9755200000.0,10014100000.0,GOAU4
15298400000.0,4927380000.0,,,2599190000.0,8409840000.0,5810650000.0,-7676670000.0,GOLL4
872669000.0,260582000.0,,,9752000.0,174618000.0,164866000.0,179091000.0,GPCP3
3401640000.0,756884000.0,,,705191000.0,0.0,-705191000.0,1345380000.0,GPIV33
4064450000.0,2654720000.0,,,1332410000.0,175165000.0,-1157250000.0,3682440000.0,GRND3
1686170000.0,435886000.0,,,348596000.0,1313900000.0,965305000.0,-46424000.0,GSHP3
12602500000.0,7509240000.0,,,1569490000.0,2825500000.0,1256010000.0,5224590000.0,GUAR3
57193300.0,46240800.0,,,35449700.0,44341200.0,8891540.0,-81209100.0,HAGA3
57193300.0,46240800.0,,,35449700.0,44341200.0,8891540.0,-81209100.0,HAGA4
10896100000.0,1934210000.0,,,1321210000.0,2017750000.0,696542000.0,6708230000.0,HAPV3
4320170000.0,3061420000.0,,,337260000.0,1759850000.0,1422590000.0,743035000.0,HBOR3
1184620000.0,136527000.0,,,6116000.0,117460000.0,111344000.0,228113000.0,HBTS5
9711000.0,592000.0,,,0.0,324582000.0,324582000.0,-383060000.0,HETA4
1843440000.0,1255610000.0,,,331874000.0,62320000.0,-269554000.0,1382520000.0,HGTX3
476269000.0,21363000.0,,,1103000.0,1517000.0,414000.0,-250296000.0,HOOT4
10841800000.0,3813750000.0,,,1387070000.0,532570000.0,-854497000.0,8641610000.0,HYPE3
66397000.0,4933000.0,,,3216000.0,0.0,-3216000.0,20705000.0,IDNT3
2356300000.0,,106099000.0,1395780000.0,,,,399193000.0,IDVL3
2356300000.0,,106099000.0,1395780000.0,,,,399193000.0,IDVL4
265992000.0,3157000.0,,,527000.0,920028000.0,919501000.0,-861333000.0,IGBR3
5628890000.0,1140810000.0,,,969584000.0,2378810000.0,1409230000.0,2987730000.0,IGTA3
1429640000.0,280702000.0,,,1135000.0,639855000.0,638720000.0,-1703920000.0,INEP3
1429640000.0,280702000.0,,,1135000.0,639855000.0,638720000.0,-1703920000.0,INEP4
0.0,0.0,,,0.0,0.0,0.0,0.0,IRBR3
67476000000.0,6381000000.0,,,3582000000.0,4155000000.0,573000000.0,55232000000.0,ITSA3
67476000000.0,6381000000.0,,,3582000000.0,4155000000.0,573000000.0,55232000000.0,ITSA4
182347000000.0,,0.0,0.0,,,,132244000000.0,ITUB3
182347000000.0,,0.0,0.0,,,,132244000000.0,ITUB4
191312000.0,7000.0,,,1000.0,4614000.0,4613000.0,68322000.0,JBDU3
191312000.0,7000.0,,,1000.0,4614000.0,4613000.0,68322000.0,JBDU4
122405000000.0,37049700000.0,,,7813530000.0,52913200000.0,45099700000.0,30703700000.0,JBSS3
1754150000.0,1412640000.0,,,16806000.0,619803000.0,602997000.0,336159000.0,JFEN3
5837930000.0,930319000.0,,,537104000.0,1206350000.0,669243000.0,3014130000.0,JHSF3
1865970000.0,1185620000.0,,,418006000.0,970280000.0,552274000.0,494790000.0,JOPA3
1865970000.0,1185620000.0,,,418006000.0,970280000.0,552274000.0,494790000.0,JOPA4
5453250000.0,965369000.0,,,733350000.0,2262880000.0,1529530000.0,1519490000.0,JPSA3
20373500000.0,9476440000.0,,,6341020000.0,14632100000.0,8291060000.0,1290550000.0,JSLG3
671015000.0,318769000.0,,,57845000.0,46571000.0,-11274000.0,456590000.0,KEPL3
34703100000.0,13673900000.0,,,9730910000.0,24085300000.0,14354400000.0,6046880000.0,KLBN11
34703100000.0,13673900000.0,,,9730910000.0,24085300000.0,14354400000.0,6046880000.0,KLBN3
34703100000.0,13673900000.0,,,9730910000.0,24085300000.0,14354400000.0,6046880000.0,KLBN4
33269000000.0,18908700000.0,,,10606500000.0,17828400000.0,7221870000.0,5167630000.0,LAME3
33269000000.0,18908700000.0,,,10606500000.0,17828400000.0,7221870000.0,5167630000.0,LAME4
9309030000.0,2146740000.0,,,893776000.0,4537570000.0,3643790000.0,2712690000.0,LCAM3
2401060000.0,1210960000.0,,,204587000.0,412584000.0,207997000.0,1320440000.0,LEVE3
24735500000.0,5618530000.0,,,2052270000.0,9266090000.0,7213820000.0,6910670000.0,LIGT3
2586880000.0,1357200000.0,,,1074540000.0,333012000.0,-741526000.0,1825340000.0,LINX3
221427000.0,84490000.0,,,82104000.0,0.0,-82104000.0,171511000.0,LIPR3
1488640000.0,270176000.0,,,64776000.0,492241000.0,427465000.0,-12449000.0,LIQO3
4355340000.0,1086930000.0,,,343643000.0,1747600000.0,1403960000.0,2202920000.0,LLIS3
3988730000.0,872038000.0,,,507388000.0,889805000.0,382417000.0,2938960000.0,LOGG3
1274940000.0,337428000.0,,,91339000.0,1286680000.0,1195350000.0,-330625000.0,LOGN3
255037000.0,56162000.0,,,19794000.0,12117000.0,-7677000.0,41738000.0,LPSB3
11791700000.0,6656210000.0,,,1372300000.0,1645030000.0,272727000.0,4704610000.0,LREN3
498233000.0,199415000.0,,,13597000.0,160988000.0,147391000.0,84636000.0,LUPA3
192643000.0,18734000.0,,,6951000.0,32975000.0,26024000.0,115330000.0,LUXM4
509384000.0,175897000.0,,,28543000.0,198350000.0,169807000.0,83366000.0,LWSA3
773000.0,0.0,,,0.0,0.0,0.0,-5552000.0,MAPT4
8008580000.0,2371060000.0,,,661264000.0,1160730000.0,499464000.0,5805250000.0,MDIA3
1864850000.0,925432000.0,,,29106000.0,1155480000.0,1126370000.0,115085000.0,MDNE3
2149730000.0,572634000.0,,,367203000.0,517952000.0,150749000.0,954646000.0,MEAL3
954778000.0,6384000.0,,,6000.0,9288450000.0,9288440000.0,-10872100000.0,MEND5
954778000.0,6384000.0,,,6000.0,9288450000.0,9288440000.0,-10872100000.0,MEND6
410219000.0,,238594000.0,115651000.0,,,,243892000.0,MERC4
378201000.0,222553000.0,,,51656000.0,671749000.0,620093000.0,-381306000.0,MGEL4
19791100000.0,12841200000.0,,,4753900000.0,848829000.0,-3905080000.0,7564940000.0,MGLU3
1380830000.0,269371000.0,,,109800000.0,152788000.0,42988000.0,1111300000.0,MILS3
132462000.0,32751000.0,,,1572000.0,190796000.0,189224000.0,-719319000.0,MMXM3
1024330000.0,249024000.0,,,2327000.0,184682000.0,182355000.0,-142268000.0,MNDL3
201116000.0,59434000.0,,,1024000.0,500000.0,-524000.0,-354128000.0,MNPR3
1456440000.0,361819000.0,,,340899000.0,154370000.0,-186529000.0,1060840000.0,MOAR3
7511570000.0,2635890000.0,,,1629170000.0,3341050000.0,1711880000.0,2247810000.0,MOVI3
31572000000.0,14420100000.0,,,8410110000.0,22240100000.0,13830000000.0,618565000.0,MRFG3
14686300000.0,7801150000.0,,,674919000.0,3202160000.0,2527240000.0,4841770000.0,MRVE3
105323000.0,49732100.0,,,772252.0,52079100.0,51306800.0,15993400.0,MTIG4
366392000.0,278098000.0,,,27407000.0,126445000.0,99038000.0,60305000.0,MTRE3
331055000.0,241994000.0,,,94787400.0,51621700.0,-43165800.0,239897000.0,MTSA4
9576750000.0,1319290000.0,,,907969000.0,3103440000.0,2195470000.0,5587670000.0,MULT3
178774000.0,44488000.0,,,1508000.0,77369000.0,75861000.0,-198459000.0,MWET4
10022500000.0,3976210000.0,,,671381000.0,3359480000.0,2688100000.0,3379610000.0,MYPK3
674798000.0,370508000.0,,,49050000.0,177742000.0,128692000.0,301933000.0,NAFG3
674798000.0,370508000.0,,,49050000.0,177742000.0,128692000.0,301933000.0,NAFG4
54214800000.0,12931000000.0,,,4065620000.0,22663700000.0,18598100000.0,18974900000.0,NEOE3
54214800000.0,12931000000.0,,,4065620000.0,22663700000.0,18598100000.0,18974900000.0,NEOE3
16460000.0,763000.0,,,82000.0,37280000.0,37198000.0,-140228000.0,NORD3
1104.0,1104.0,,,1104.0,0.0,-1104.0,100.0,NTCO3
75750000.0,33617000.0,,,408000.0,13317000.0,12909000.0,-25238000.0,NUTR3
1741000000.0,771282000.0,,,501100000.0,0.0,-501100000.0,1073730000.0,ODPV3
869536000.0,425035000.0,,,45009000.0,281082000.0,236073000.0,492447000.0,OFSA3
72866500000.0,20154500000.0,,,3157120000.0,17905300000.0,14748200000.0,19917200000.0,OIBR3
72866500000.0,20154500000.0,,,3157120000.0,17905300000.0,14748200000.0,19917200000.0,OIBR4
7431740000.0,1306410000.0,,,1087100000.0,4066530000.0,2979430000.0,2767800000.0,OMGE3
3162800000.0,14446000.0,,,1610000.0,4237480000.0,4235870000.0,-4308840000.0,OSXB3
1628080000.0,543057000.0,,,137000000.0,236043000.0,99043000.0,668985000.0,PARD3
955559000.0,707312000.0,,,316624000.0,344217000.0,27593000.0,426365000.0,PATI3
955559000.0,707312000.0,,,316624000.0,344217000.0,27593000.0,426365000.0,PATI4
57991000000.0,19892000000.0,,,7954000000.0,14194000000.0,6240000000.0,10940000000.0,PCAR3
57991000000.0,19892000000.0,,,7954000000.0,14194000000.0,6240000000.0,10940000000.0,PCAR4
2135210000.0,1663000000.0,,,132045000.0,1675630000.0,1543580000.0,-4576270000.0,PDGR3
675083000.0,306810000.0,,,177506000.0,0.0,-177506000.0,525543000.0,PEAB3
675083000.0,306810000.0,,,177506000.0,0.0,-177506000.0,525543000.0,PEAB4
926011000000.0,112101000000.0,,,33294000000.0,351161000000.0,317867000000.0,295541000000.0,PETR3
926011000000.0,112101000000.0,,,33294000000.0,351161000000.0,317867000000.0,295541000000.0,PETR4
3149600000.0,2021040000.0,,,244854000.0,709181000.0,464327000.0,984289000.0,PFRM3
10234400000.0,,2627610000.0,5901040000.0,,,,841055000.0,PINE4
496178000.0,104367000.0,,,12847000.0,183247000.0,170400000.0,-192059000.0,PLAS3
4604870000.0,2232180000.0,,,266077000.0,2241630000.0,1975550000.0,832397000.0,PMAM3
1352520000.0,813547000.0,,,66521000.0,470075000.0,403554000.0,498578000.0,PNVL3
1352520000.0,813547000.0,,,66521000.0,470075000.0,403554000.0,498578000.0,PNVL4
5193680000.0,2835220000.0,,,1174780000.0,1803370000.0,628588000.0,2310080000.0,POMO3
5193680000.0,2835220000.0,,,1174780000.0,1803370000.0,628588000.0,2310080000.0,POMO4
1876200000.0,1457640000.0,,,368625000.0,634848000.0,266223000.0,524611000.0,POSI3
5483790000.0,1454890000.0,,,685698000.0,2197660000.0,1511960000.0,1878370000.0,PRIO3
239903000.0,119048000.0,,,26669000.0,86716000.0,60047000.0,57282000.0,PRNR3
32711300000.0,22783800000.0,,,10198000000.0,0.0,-10198000000.0,8269650000.0,PSSA3
1822290000.0,872190000.0,,,329372000.0,790359000.0,460987000.0,362385000.0,PTBL3
536183000.0,245157000.0,,,45134800.0,131238000.0,86103300.0,214637000.0,PTNT3
536183000.0,245157000.0,,,45134800.0,131238000.0,86103300.0,214637000.0,PTNT4
4294690000.0,1832210000.0,,,1273340000.0,1309570000.0,36233000.0,2324350000.0,QUAL3
12248300000.0,5756050000.0,,,299226000.0,1126480000.0,827250000.0,4025010000.0,RADL3
32832700000.0,4949480000.0,,,1963010000.0,11719700000.0,9756720000.0,8344280000.0,RAIL3
1614750000.0,456557000.0,,,80731000.0,852321000.0,771590000.0,299193000.0,RANI3
1614750000.0,456557000.0,,,80731000.0,852321000.0,771590000.0,299193000.0,RANI4
6298760000.0,3775780000.0,,,1771090000.0,2870160000.0,1099070000.0,1695280000.0,RAPT3
6298760000.0,3775780000.0,,,1771090000.0,2870160000.0,1099070000.0,1695280000.0,RAPT4
41587000.0,16191000.0,,,120000.0,93000.0,-27000.0,-66069000.0,RCSL4
1321750000.0,541322000.0,,,133008000.0,389854000.0,256846000.0,611714000.0,RDNI3
18594100000.0,6088710000.0,,,843107000.0,7749570000.0,6906470000.0,3532700000.0,REDE3
17175700000.0,3539660000.0,,,2128450000.0,7708350000.0,5579900000.0,5287410000.0,RENT3
32838000000.0,4953880000.0,,,1963020000.0,11720500000.0,9757460000.0,2376850000.0,RLOG3
2315600000.0,26640000.0,,,7491000.0,1494160000.0,1486670000.0,-851318000.0,RNEW11
2315600000.0,26640000.0,,,7491000.0,1494160000.0,1486670000.0,-851318000.0,RNEW3
2315600000.0,26640000.0,,,7491000.0,1494160000.0,1486670000.0,-851318000.0,RNEW4
1367240000.0,760182000.0,,,148490000.0,349478000.0,200988000.0,757284000.0,ROMI3
992999000.0,7390000.0,,,5828000.0,0.0,-5828000.0,989509000.0,RPAD3
992999000.0,7390000.0,,,5828000.0,0.0,-5828000.0,989509000.0,RPAD5
992999000.0,7390000.0,,,5828000.0,0.0,-5828000.0,989509000.0,RPAD6
2094740000.0,1902630000.0,,,50000.0,0.0,-50000.0,-2618490000.0,RPMG3
2171740000.0,933644000.0,,,69629000.0,1605420000.0,1535790000.0,-571672000.0,RSID3
193801000.0,60520000.0,,,644000.0,6505000.0,5861000.0,-6384000.0,RSUL4
838536000000.0,,193414000000.0,274212000000.0,,,,69687700000.0,SANB11
838536000000.0,,193414000000.0,274212000000.0,,,,69687700000.0,SANB3
838536000000.0,,193414000000.0,274212000000.0,,,,69687700000.0,SANB4
11939600000.0,1170740000.0,,,274059000.0,3080430000.0,2806370000.0,6173910000.0,SAPR11
11939600000.0,1170740000.0,,,274059000.0,3080430000.0,2806370000.0,6173910000.0,SAPR3
11939600000.0,1170740000.0,,,274059000.0,3080430000.0,2806370000.0,6173910000.0,SAPR4
45838000000.0,5120870000.0,,,2633410000.0,13667000000.0,11033600000.0,21801900000.0,SBSP3
2766700000.0,294471000.0,,,225406000.0,1231010000.0,1005610000.0,1475840000.0,SCAR3
2503970000.0,816268000.0,,,505606000.0,193130000.0,-312476000.0,1317110000.0,SEER3
3384310000.0,1292400000.0,,,221780000.0,1100110000.0,878335000.0,1420560000.0,SGPS3
629630000.0,358302000.0,,,235982000.0,160667000.0,-75315000.0,279348000.0,SHOW3
1397290000.0,857915000.0,,,316628000.0,535080000.0,218452000.0,620101000.0,SHUL4
6876920000.0,2988520000.0,,,702749000.0,2137540000.0,1434800000.0,2733090000.0,SLCE3
937906000.0,302419000.0,,,16970000.0,463850000.0,446880000.0,18580000.0,SLED3
937906000.0,302419000.0,,,16970000.0,463850000.0,446880000.0,18580000.0,SLED4
2884580000.0,2763450000.0,,,1173920000.0,0.0,-1173920000.0,1205340000.0,SMLS3
11507800000.0,3783310000.0,,,1344320000.0,5826310000.0,4481980000.0,3695000000.0,SMTO3
76735000.0,44220000.0,,,25878000.0,0.0,-25878000.0,52039000.0,SOND5
76735000.0,44220000.0,,,25878000.0,0.0,-25878000.0,52039000.0,SOND6
42348000.0,14759000.0,,,3558000.0,0.0,-3558000.0,39160000.0,SPRI3
42348000.0,14759000.0,,,3558000.0,0.0,-3558000.0,39160000.0,SPRI5
42348000.0,14759000.0,,,3558000.0,0.0,-3558000.0,39160000.0,SPRI6
618252000.0,397499000.0,,,368290000.0,61800000.0,-306490000.0,430818000.0,SQIA3
3203630000.0,627642000.0,,,464241000.0,460891000.0,-3350020.0,1357500000.0,STBP3
28412500000.0,20270400000.0,,,16970100000.0,1750350000.0,-15219800000.0,7145830000.0,SULA11
28412500000.0,20270400000.0,,,16970100000.0,1750350000.0,-15219800000.0,7145830000.0,SULA3
28412500000.0,20270400000.0,,,16970100000.0,1750350000.0,-15219800000.0,7145830000.0,SULA4
97908200000.0,18884200000.0,,,9399760000.0,63684300000.0,54284600000.0,17972600000.0,SUZB3
10686600000.0,3130850000.0,,,18982000.0,4765100000.0,4746120000.0,4997130000.0,TAEE11
10686600000.0,3130850000.0,,,18982000.0,4765100000.0,4746120000.0,4997130000.0,TAEE3
10686600000.0,3130850000.0,,,18982000.0,4765100000.0,4746120000.0,4997130000.0,TAEE4
1084830000.0,763364000.0,,,27309000.0,767884000.0,740575000.0,-320169000.0,TASA3
1084830000.0,763364000.0,,,27309000.0,767884000.0,740575000.0,-320169000.0,TASA4
231079000.0,39754000.0,,,1000.0,33119000.0,33118000.0,1497000.0,TCNO3
231079000.0,39754000.0,,,1000.0,33119000.0,33118000.0,1497000.0,TCNO4
1893360000.0,806370000.0,,,341958000.0,388924000.0,46966000.0,1000390000.0,TCSA3
783533000.0,400715000.0,,,82862000.0,125814000.0,42952000.0,417917000.0,TECN3
971334000.0,53133000.0,,,137000.0,456620000.0,456483000.0,-1543650000.0,TEKA3
971334000.0,53133000.0,,,137000.0,456620000.0,456483000.0,-1543650000.0,TEKA4
3486470000.0,340422000.0,,,73853000.0,275018000.0,201165000.0,34044000.0,TELB3
3486470000.0,340422000.0,,,73853000.0,275018000.0,201165000.0,34044000.0,TELB4
3164920000.0,2122980000.0,,,976331000.0,744830000.0,-231501000.0,1303330000.0,TEND3
2499430000.0,693886000.0,,,23528000.0,926427000.0,902899000.0,962097000.0,TESA3
993224000.0,457387000.0,,,112108000.0,225321000.0,113213000.0,577735000.0,TGMA3
7798910000.0,1805160000.0,,,1362750000.0,4254950000.0,2892190000.0,1451170000.0,TIET11
7798910000.0,1805160000.0,,,1362750000.0,4254950000.0,2892190000.0,1451170000.0,TIET3
7798910000.0,1805160000.0,,,1362750000.0,4254950000.0,2892190000.0,1451170000.0,TIET4
40348900000.0,8454130000.0,,,2939290000.0,2029090000.0,-910201000.0,22431800000.0,TIMP3
222030000.0,100395000.0,,,22106000.0,3837000.0,-18269000.0,180387000.0,TKNO4
3535930000.0,2004270000.0,,,1538160000.0,450676000.0,-1087480000.0,2477210000.0,TOTS3
3688990000.0,223817000.0,,,88376000.0,1978000000.0,1889630000.0,684212000.0,TPIS3
1693080000.0,1470100000.0,,,531927000.0,354652000.0,-177275000.0,1036050000.0,TRIS3
20014300000.0,3614360000.0,,,1204540000.0,3200550000.0,1996010000.0,11949600000.0,TRPL3
20014300000.0,3614360000.0,,,1204540000.0,3200550000.0,1996010000.0,11949600000.0,TRPL4
5196260000.0,2575270000.0,,,611186000.0,1507580000.0,896392000.0,2338990000.0,TUPY3
175122000.0,52440000.0,,,89000.0,192643000.0,192554000.0,-305523000.0,TXRX3
175122000.0,52440000.0,,,89000.0,192643000.0,192554000.0,-305523000.0,TXRX4
228814000.0,125305000.0,,,66313000.0,0.0,-66313000.0,182761000.0,UCAS3
31195500000.0,15058100000.0,,,5205590000.0,15981400000.0,10775800000.0,9458250000.0,UGPA3
3636260000.0,1256600000.0,,,528745000.0,763670000.0,234925000.0,1324090000.0,UNIP3
3636260000.0,1256600000.0,,,528745000.0,763670000.0,234925000.0,1324090000.0,UNIP5
3636260000.0,1256600000.0,,,528745000.0,763670000.0,234925000.0,1324090000.0,UNIP6
26337000000.0,8861280000.0,,,1921140000.0,5106240000.0,3185100000.0,14043400000.0,USIM3
26337000000.0,8861280000.0,,,1921140000.0,5106240000.0,3185100000.0,14043400000.0,USIM5
26337000000.0,8861280000.0,,,1921140000.0,5106240000.0,3185100000.0,14043400000.0,USIM6
369670000000.0,68697500000.0,,,29627100000.0,59842700000.0,30215600000.0,161480000000.0,VALE3
1265390000.0,729112000.0,,,88320100.0,280413000.0,192093000.0,604529000.0,VIVA3
553725000.0,191755000.0,,,4708000.0,251258000.0,246550000.0,-92585000.0,VIVR3
108290000000.0,18644700000.0,,,3393380000.0,13824700000.0,10431300000.0,70455600000.0,VIVT3
108290000000.0,18644700000.0,,,3393380000.0,13824700000.0,10431300000.0,70455600000.0,VIVT4
2610680000.0,1160910000.0,,,342365000.0,1024130000.0,681761000.0,1160780000.0,VLID3
1355160000.0,794232000.0,,,62164000.0,43053000.0,-19111000.0,1087140000.0,VULC3
21808000000.0,10770000000.0,,,1405000000.0,5603000000.0,4198000000.0,1474000000.0,VVAR3
15687600000.0,9760900000.0,,,3390270000.0,2284970000.0,-1105300000.0,8717250000.0,WEGE3
7025140000.0,3681730000.0,,,712341000.0,499264000.0,-213077000.0,2846050000.0,WHRL3
7025140000.0,3681730000.0,,,712341000.0,499264000.0,-213077000.0,2846050000.0,WHRL4
586297000.0,134475000.0,,,45760000.0,165000.0,-45595000.0,187057000.0,WIZS3
526430000.0,200420000.0,,,43978000.0,9494000.0,-34484000.0,414642000.0,WLMM3
526430000.0,200420000.0,,,43978000.0,9494000.0,-34484000.0,414642000.0,WLMM4
4566060000.0,607807000.0,,,225145000.0,2022490000.0,1797340000.0,2018430000.0,WSON33
5740260000.0,1664540000.0,,,865770000.0,1900290000.0,1034520000.0,3192040000.0,YDUQ3
